;A;R;N;D;C;Q;E;G;H;I;L;K;M;F;P;S;T;W;Y;V
A;2;-2;-1;-1;-2;-1;-1;0;-2;-1;-2;-2;-1;-3;0;0;0;-4;-2;-1
R;-2;3;-2;-3;-2;0;-3;-3;0;-2;-3;0;-1;-3;-1;-1;-2;0;-3;-2
N;-1;-2;3;1;-3;-1;0;-1;0;-2;-2;0;-3;-3;-2;0;0;-2;-1;-2
D;-1;-3;1;3;-4;-1;1;-1;-1;-2;-4;-1;-3;-4;-2;-1;-1;-5;-3;-2
C;-2;-2;-3;-4;3;-4;-4;-3;-2;-2;-5;-4;-4;-4;-2;-1;-2;-5;-1;-2
Q;-1;0;-1;-1;-4;3;1;-2;1;-2;-1;-1;-1;-4;-1;-2;-2;-4;-4;-2
E;-1;-3;0;1;-4;1;2;-1;-1;-2;-3;-1;-2;-4;-2;-1;-2;-5;-3;-2
G;0;-3;-1;-1;-3;-2;-1;2;-3;-3;-3;-2;-3;-3;-2;0;-2;-5;-4;-2
H;-2;0;0;-1;-2;1;-1;-3;3;-3;-2;-2;-3;-2;-1;-2;-2;-2;-1;-2
I;-1;-2;-2;-2;-2;-2;-2;-3;-3;3;0;-2;0;-1;-3;-2;-1;-4;-2;1
L;-2;-3;-2;-4;-5;-1;-3;-3;-2;0;2;-2;0;-1;-2;-3;-2;-2;-2;-1
K;-2;0;0;-1;-4;-1;-1;-2;-2;-2;-2;2;0;-4;-2;-1;-1;-4;-3;-3
M;-1;-1;-3;-3;-4;-1;-2;-3;-3;0;0;0;4;-1;-2;-2;-1;-4;-3;0
F;-3;-3;-3;-4;-4;-4;-4;-3;-2;-1;-1;-4;-1;3;-3;-2;-3;-1;1;-2
P;0;-1;-2;-2;-2;-1;-2;-2;-1;-3;-2;-2;-2;-3;3;0;-1;-4;-4;-2
S;0;-1;0;-1;-1;-2;-1;0;-2;-2;-3;-1;-2;-2;0;2;0;-1;-2;-2
T;0;-2;0;-1;-2;-2;-2;-2;-2;-1;-2;-1;-1;-3;-1;0;2;-4;-2;-1
W;-4;0;-2;-5;-5;-4;-5;-5;-2;-4;-2;-4;-4;-1;-4;-1;-4;4;-1;-5
Y;-2;-3;-1;-3;-1;-4;-3;-4;-1;-2;-2;-3;-3;1;-4;-2;-2;-1;3;-2
V;-1;-2;-2;-2;-2;-2;-2;-2;-2;1;-1;-3;0;-2;-2;-2;-1;-5;-2;2