original_aa,predicted_aa,count
A,A,5209
A,C,2685
A,D,633
A,E,2604
A,F,445
A,G,24
A,H,366
A,I,409
A,K,1308
A,L,1817
A,M,820
A,N,574
A,P,1222
A,Q,278
A,R,728
A,S,1456
A,T,731
A,V,752
A,W,1034
A,Y,352
C,A,285
C,C,1035
C,D,77
C,E,60
C,F,118
C,G,4
C,H,86
C,I,105
C,K,51
C,L,270
C,M,99
C,N,128
C,P,114
C,Q,19
C,R,44
C,S,178
C,T,197
C,V,224
C,W,210
C,Y,105
D,A,460
D,C,816
D,D,4036
D,E,2469
D,F,177
D,G,13
D,H,513
D,I,161
D,K,950
D,L,425
D,M,208
D,N,2247
D,P,861
D,Q,231
D,R,356
D,S,860
D,T,652
D,V,185
D,W,659
D,Y,201
E,A,513
E,C,460
E,D,1124
E,E,4908
E,F,166
E,G,21
E,H,545
E,I,355
E,K,2262
E,L,799
E,M,344
E,N,886
E,P,934
E,Q,458
E,R,912
E,S,752
E,T,1005
E,V,480
E,W,823
E,Y,299
F,A,344
F,C,1070
F,D,146
F,E,319
F,F,1307
F,G,6
F,H,493
F,I,753
F,K,264
F,L,1560
F,M,286
F,N,335
F,P,371
F,Q,41
F,R,253
F,S,176
F,T,433
F,V,840
F,W,1412
F,Y,1109
G,A,8
G,C,16
G,D,4
G,E,0
G,F,0
G,G,20875
G,H,2
G,I,0
G,K,5
G,L,0
G,M,11
G,N,4
G,P,6
G,Q,0
G,R,1
G,S,11
G,T,4
G,V,1
G,W,4
G,Y,1
H,A,214
H,C,488
H,D,317
H,E,512
H,F,232
H,G,7
H,H,633
H,I,244
H,K,430
H,L,434
H,M,179
H,N,622
H,P,294
H,Q,54
H,R,248
H,S,281
H,T,385
H,V,293
H,W,566
H,Y,366
I,A,332
I,C,851
I,D,114
I,E,475
I,F,578
I,G,4
I,H,264
I,I,3914
I,K,491
I,L,2199
I,M,423
I,N,168
I,P,212
I,Q,69
I,R,393
I,S,97
I,T,785
I,V,3209
I,W,873
I,Y,428
K,A,405
K,C,341
K,D,563
K,E,2628
K,F,153
K,G,15
K,H,668
K,I,404
K,K,2813
K,L,843
K,M,345
K,N,952
K,P,744
K,Q,329
K,R,1038
K,S,580
K,T,1064
K,V,483
K,W,742
K,Y,375
L,A,847
L,C,1502
L,D,304
L,E,933
L,F,1327
L,G,1
L,H,623
L,I,2455
L,K,970
L,L,7236
L,M,1260
L,N,444
L,P,823
L,Q,218
L,R,883
L,S,286
L,T,862
L,V,1732
L,W,2061
L,Y,1026
M,A,299
M,C,537
M,D,115
M,E,287
M,F,235
M,G,7
M,H,172
M,I,366
M,K,204
M,L,1050
M,M,522
M,N,146
M,P,188
M,Q,77
M,R,221
M,S,136
M,T,275
M,V,376
M,W,475
M,Y,185
N,A,335
N,C,948
N,D,1541
N,E,960
N,F,216
N,G,11
N,H,583
N,I,225
N,K,624
N,L,426
N,M,232
N,N,2826
N,P,427
N,Q,158
N,R,280
N,S,485
N,T,645
N,V,249
N,W,497
N,Y,219
P,A,73
P,C,93
P,D,101
P,E,140
P,F,18
P,G,14
P,H,32
P,I,5
P,K,75
P,L,37
P,M,62
P,N,20
P,P,11740
P,Q,2
P,R,11
P,S,146
P,T,45
P,V,11
P,W,114
P,Y,10
Q,A,366
Q,C,460
Q,D,439
Q,E,1697
Q,F,155
Q,G,9
Q,H,360
Q,I,309
Q,K,1274
Q,L,717
Q,M,306
Q,N,604
Q,P,367
Q,Q,313
Q,R,663
Q,S,357
Q,T,633
Q,V,378
Q,W,517
Q,Y,231
R,A,499
R,C,599
R,D,458
R,E,1733
R,F,239
R,G,15
R,H,673
R,I,527
R,K,1771
R,L,1025
R,M,416
R,N,728
R,P,559
R,Q,274
R,R,1104
R,S,520
R,T,948
R,V,557
R,W,878
R,Y,449
S,A,1365
S,C,1604
S,D,923
S,E,1659
S,F,211
S,G,22
S,H,447
S,I,215
S,K,927
S,L,602
S,M,399
S,N,820
S,P,894
S,Q,164
S,R,367
S,S,3065
S,T,1549
S,V,365
S,W,800
S,Y,251
T,A,588
T,C,1266
T,D,508
T,E,1204
T,F,347
T,G,6
T,H,441
T,I,544
T,K,1048
T,L,712
T,M,348
T,N,465
T,P,457
T,Q,133
T,R,426
T,S,975
T,T,3884
T,V,951
T,W,728
T,Y,373
V,A,548
V,C,1496
V,D,205
V,E,699
V,F,545
V,G,4
V,H,440
V,I,3314
V,K,741
V,L,1922
V,M,467
V,N,237
V,P,321
V,Q,67
V,R,464
V,S,155
V,T,1358
V,V,5189
V,W,905
V,Y,590
W,A,144
W,C,301
W,D,87
W,E,161
W,F,257
W,G,1
W,H,156
W,I,234
W,K,118
W,L,431
W,M,104
W,N,114
W,P,168
W,Q,22
W,R,106
W,S,103
W,T,154
W,V,197
W,W,777
W,Y,303
Y,A,265
Y,C,848
Y,D,213
Y,E,376
Y,F,817
Y,G,4
Y,H,552
Y,I,576
Y,K,353
Y,L,961
Y,M,231
Y,N,326
Y,P,340
Y,Q,38
Y,R,296
Y,S,197
Y,T,445
Y,V,658
Y,W,1341
Y,Y,1179
